{"cameraMode":{"drawMode":0,"name":"Shaded","section":"Shading Mode"},"sceneLighting":true,"audioPlay":false,"sceneViewState":{"m_AlwaysRefresh":false,"showFog":true,"showSkybox":true,"showFlares":true,"showImageEffects":true,"showParticleSystems":true,"showVisualEffectGraphs":true,"m_FxEnabled":true},"in2DMode":false,"pivot":{"x":2.3389477729797365,"y":0.5042599439620972,"z":-9.515603065490723},"rotation":{"x":-0.007850099354982376,"y":0.7559186220169067,"z":0.009108406491577626,"w":0.6545776128768921},"size":3.028341293334961,"orthographic":false}